TaskId,TimeExecuting,TimeInQueue,StartTimeStamp,EndTimeStamp
1,25,0,1667924693.4800568,1667924720.2850943
0,47,0,1667924681.470173,1667924730.366514
2,22,25,1667924720.288023,1667924744.371013
3,25,7,1667924730.3692212,1667924756.459016
4,45,0,1667924751.3768842,1667924797.5343144
6,23,0,1667924776.3995485,1667924800.480026
8,29,13,1667924800.48138,1667924830.569173
5,87,0,1667924769.3948221,1667924857.6715229
9,30,0,1667924828.508148,1667924860.6309345
7,91,0,1667924782.4032273,1667924874.6743174
10,22,18,1667924857.673539,1667924881.767195
12,23,10,1667924881.7690876,1667924905.8534656
13,47,0,1667924882.7699983,1667924930.9284434
14,24,8,1667924905.855401,1667924931.937158
11,92,0,1667924860.6754816,1667924954.9769514
16,30,14,1667924931.9384766,1667924964.0322983
17,23,22,1667924954.9783535,1667924979.0702243
15,94,0,1667924908.8585553,1667925005.138437
19,24,0,1667924979.0715184,1667925005.165984
18,46,0,1667924964.0335975,1667925012.1873193
21,22,17,1667925005.167271,1667925029.2298462
22,22,16,1667925029.231365,1667925053.298158
20,90,0,1667924983.075254,1667925075.3606071
24,30,0,1667925062.2650208,1667925092.3847115
25,24,8,1667925075.3619175,1667925101.4649408
26,30,16,1667925092.386025,1667925122.4768958
23,91,0,1667925042.2445102,1667925134.5342004
27,30,0,1667925113.40757,1667925145.5089803
28,23,5,1667925122.4782538,1667925146.5563376
29,29,0,1667925164.5210822,1667925194.616373
30,22,0,1667925172.5295084,1667925196.6019218
31,29,0,1667925199.535448,1667925229.6257284
33,30,0,1667925209.5445902,1667925239.6424446
34,30,15,1667925229.6271498,1667925261.7302299
35,22,6,1667925239.6438465,1667925263.7180455
32,84,0,1667925208.543201,1667925294.8020427
36,44,18,1667925261.7316382,1667925307.8696618
38,23,0,1667925310.7795734,1667925334.8798602
37,31,0,1667925302.7714517,1667925334.8814518
40,23,12,1667925334.8813577,1667925358.9578824
41,45,0,1667925343.8872588,1667925390.0022688
39,93,0,1667925319.7871637,1667925414.0743537
42,48,0,1667925369.9137216,1667925420.0644894
44,30,4,1667925390.0034678,1667925422.1130748
43,47,0,1667925374.9151354,1667925423.0481987
47,29,0,1667925424.0704026,1667925454.1640694
49,22,23,1667925454.1652877,1667925478.2353966
50,23,8,1667925478.2365885,1667925502.3259478
45,92,17,1667925414.0755548,1667925508.342279
46,91,2,1667925420.0656364,1667925512.3278239
48,92,0,1667925427.0735996,1667925521.3755343
52,30,16,1667925502.3270986,1667925534.4015627
53,30,0,1667925514.3397384,1667925546.4215472
54,23,18,1667925534.4027472,1667925558.4739583
51,86,0,1667925484.2392201,1667925572.485844
57,30,0,1667925562.4310803,1667925594.5252194
55,46,0,1667925551.4193819,1667925599.5706153
58,30,22,1667925594.5264893,1667925626.6124206
59,22,0,1667925618.5514314,1667925642.6499016
56,91,0,1667925562.4308665,1667925654.6807034
60,46,8,1667925626.6136277,1667925674.745543
62,23,5,1667925654.681899,1667925678.7616315
61,46,12,1667925642.6510613,1667925690.7823322
63,30,16,1667925678.7630043,1667925710.8395376
64,30,0,1667925684.7672062,1667925716.851945
65,24,25,1667925710.840703,1667925736.9221427
66,24,6,1667925716.853169,1667925742.9412336
67,24,18,1667925736.9238472,1667925763.0061657
68,30,0,1667925745.9314744,1667925778.0301669
69,24,2,1667925763.0083718,1667925787.0861437
71,29,0,1667925785.03062,1667925815.1330101
72,44,0,1667925817.0633416,1667925863.2149665
73,23,0,1667925843.0898185,1667925867.156268
70,88,0,1667925784.029085,1667925872.2857533
75,24,0,1667925868.111506,1667925894.1822095
77,30,0,1667925916.1210632,1667925946.224358
74,87,0,1667925858.1031275,1667925946.3411994
76,82,0,1667925870.1139677,1667925954.3581371
78,23,25,1667925946.2256093,1667925970.2960825
80,22,20,1667925970.2972472,1667925994.3572187
81,23,15,1667925994.3585017,1667926018.421917
79,84,0,1667925948.2271428,1667926034.4703083
83,24,5,1667926018.4231215,1667926044.5091472
85,23,13,1667926044.5104203,1667926068.5876064
84,47,0,1667926021.4264522,1667926069.5730605
86,29,21,1667926068.588782,1667926098.6774604
82,87,0,1667926011.3751354,1667926099.626172
87,24,0,1667926074.5952837,1667926100.6742356
90,32,0,1667926107.6885853,1667926141.794459
88,47,18,1667926098.6787653,1667926146.8141022
92,23,20,1667926141.795676,1667926165.8701305
94,25,0,1667926166.8352118,1667926192.9109435
89,94,0,1667926102.6830728,1667926196.9649885
91,86,0,1667926120.7017784,1667926208.949912
95,23,25,1667926192.9121249,1667926216.971451
93,93,0,1667926146.815326,1667926241.0821245
96,30,0,1667926210.927444,1667926243.0381782
97,30,4,1667926216.9726315,1667926249.0543013
98,23,21,1667926243.0393648,1667926267.1119318
99,28,0,1667926255.0513854,1667926285.145574
